{"ContentRoots":["C:\\Users\\Admin\\.nuget\\packages\\microsoft.aspnetcore.identity.ui\\9.0.3\\staticwebassets\\V5\\","C:\\PTL-11-7-2024\\Web\\E-commerce-23TH0024\\E-commerce-23TH0024\\wwwroot\\","C:\\PTL-11-7-2024\\Web\\E-commerce-23TH0024\\E-commerce-23TH0024\\obj\\Release\\net9.0\\win-x64\\scopedcss\\bundle\\","C:\\PTL-11-7-2024\\Web\\E-commerce-23TH0024\\E-commerce-23TH0024\\obj\\Release\\net9.0\\win-x64\\compressed\\"],"Root":{"Children":{"Identity":{"Children":{"css":{"Children":{"site.css":{"Children":null,"Asset":{"ContentRootIndex":0,"SubPath":"css/site.css"},"Patterns":null},"site.css.gz":{"Children":null,"Asset":{"ContentRootIndex":3,"SubPath":"ofa40bqe71-b9sayid5wm.gz"},"Patterns":null}},"Asset":null,"Patterns":null},"favicon.ico":{"Children":null,"Asset":{"ContentRootIndex":0,"SubPath":"favicon.ico"},"Patterns":null},"js":{"Children":{"site.js":{"Children":null,"Asset":{"ContentRootIndex":0,"SubPath":"js/site.js"},"Patterns":null},"site.js.gz":{"Children":null,"Asset":{"ContentRootIndex":3,"SubPath":"vltxs1u3vm-xtxxf3hu2r.gz"},"Patterns":null}},"Asset":null,"Patterns":null},"lib":{"Children":{"bootstrap":{"Children":{"dist":{"Children":{"css":{"Children":{"bootstrap-grid.css":{"Children":null,"Asset":{"ContentRootIndex":0,"SubPath":"lib/bootstrap/dist/css/bootstrap-grid.css"},"Patterns":null},"bootstrap-grid.css.map":{"Children":null,"Asset":{"ContentRootIndex":0,"SubPath":"lib/bootstrap/dist/css/bootstrap-grid.css.map"},"Patterns":null},"bootstrap-grid.min.css":{"Children":null,"Asset":{"ContentRootIndex":0,"SubPath":"lib/bootstrap/dist/css/bootstrap-grid.min.css"},"Patterns":null},"bootstrap-grid.min.css.map":{"Children":null,"Asset":{"ContentRootIndex":0,"SubPath":"lib/bootstrap/dist/css/bootstrap-grid.min.css.map"},"Patterns":null},"bootstrap-grid.rtl.css":{"Children":null,"Asset":{"ContentRootIndex":0,"SubPath":"lib/bootstrap/dist/css/bootstrap-grid.rtl.css"},"Patterns":null},"bootstrap-grid.rtl.css.map":{"Children":null,"Asset":{"ContentRootIndex":0,"SubPath":"lib/bootstrap/dist/css/bootstrap-grid.rtl.css.map"},"Patterns":null},"bootstrap-grid.rtl.min.css":{"Children":null,"Asset":{"ContentRootIndex":0,"SubPath":"lib/bootstrap/dist/css/bootstrap-grid.rtl.min.css"},"Patterns":null},"bootstrap-grid.rtl.min.css.map":{"Children":null,"Asset":{"ContentRootIndex":0,"SubPath":"lib/bootstrap/dist/css/bootstrap-grid.rtl.min.css.map"},"Patterns":null},"bootstrap-reboot.css":{"Children":null,"Asset":{"ContentRootIndex":0,"SubPath":"lib/bootstrap/dist/css/bootstrap-reboot.css"},"Patterns":null},"bootstrap-reboot.css.map":{"Children":null,"Asset":{"ContentRootIndex":0,"SubPath":"lib/bootstrap/dist/css/bootstrap-reboot.css.map"},"Patterns":null},"bootstrap-reboot.min.css":{"Children":null,"Asset":{"ContentRootIndex":0,"SubPath":"lib/bootstrap/dist/css/bootstrap-reboot.min.css"},"Patterns":null},"bootstrap-reboot.min.css.map":{"Children":null,"Asset":{"ContentRootIndex":0,"SubPath":"lib/bootstrap/dist/css/bootstrap-reboot.min.css.map"},"Patterns":null},"bootstrap-reboot.rtl.css":{"Children":null,"Asset":{"ContentRootIndex":0,"SubPath":"lib/bootstrap/dist/css/bootstrap-reboot.rtl.css"},"Patterns":null},"bootstrap-reboot.rtl.css.map":{"Children":null,"Asset":{"ContentRootIndex":0,"SubPath":"lib/bootstrap/dist/css/bootstrap-reboot.rtl.css.map"},"Patterns":null},"bootstrap-reboot.rtl.min.css":{"Children":null,"Asset":{"ContentRootIndex":0,"SubPath":"lib/bootstrap/dist/css/bootstrap-reboot.rtl.min.css"},"Patterns":null},"bootstrap-reboot.rtl.min.css.map":{"Children":null,"Asset":{"ContentRootIndex":0,"SubPath":"lib/bootstrap/dist/css/bootstrap-reboot.rtl.min.css.map"},"Patterns":null},"bootstrap-utilities.css":{"Children":null,"Asset":{"ContentRootIndex":0,"SubPath":"lib/bootstrap/dist/css/bootstrap-utilities.css"},"Patterns":null},"bootstrap-utilities.css.map":{"Children":null,"Asset":{"ContentRootIndex":0,"SubPath":"lib/bootstrap/dist/css/bootstrap-utilities.css.map"},"Patterns":null},"bootstrap-utilities.min.css":{"Children":null,"Asset":{"ContentRootIndex":0,"SubPath":"lib/bootstrap/dist/css/bootstrap-utilities.min.css"},"Patterns":null},"bootstrap-utilities.min.css.map":{"Children":null,"Asset":{"ContentRootIndex":0,"SubPath":"lib/bootstrap/dist/css/bootstrap-utilities.min.css.map"},"Patterns":null},"bootstrap-utilities.rtl.css":{"Children":null,"Asset":{"ContentRootIndex":0,"SubPath":"lib/bootstrap/dist/css/bootstrap-utilities.rtl.css"},"Patterns":null},"bootstrap-utilities.rtl.css.map":{"Children":null,"Asset":{"ContentRootIndex":0,"SubPath":"lib/bootstrap/dist/css/bootstrap-utilities.rtl.css.map"},"Patterns":null},"bootstrap-utilities.rtl.min.css":{"Children":null,"Asset":{"ContentRootIndex":0,"SubPath":"lib/bootstrap/dist/css/bootstrap-utilities.rtl.min.css"},"Patterns":null},"bootstrap-utilities.rtl.min.css.map":{"Children":null,"Asset":{"ContentRootIndex":0,"SubPath":"lib/bootstrap/dist/css/bootstrap-utilities.rtl.min.css.map"},"Patterns":null},"bootstrap.css":{"Children":null,"Asset":{"ContentRootIndex":0,"SubPath":"lib/bootstrap/dist/css/bootstrap.css"},"Patterns":null},"bootstrap.css.map":{"Children":null,"Asset":{"ContentRootIndex":0,"SubPath":"lib/bootstrap/dist/css/bootstrap.css.map"},"Patterns":null},"bootstrap.min.css":{"Children":null,"Asset":{"ContentRootIndex":0,"SubPath":"lib/bootstrap/dist/css/bootstrap.min.css"},"Patterns":null},"bootstrap.min.css.map":{"Children":null,"Asset":{"ContentRootIndex":0,"SubPath":"lib/bootstrap/dist/css/bootstrap.min.css.map"},"Patterns":null},"bootstrap.rtl.css":{"Children":null,"Asset":{"ContentRootIndex":0,"SubPath":"lib/bootstrap/dist/css/bootstrap.rtl.css"},"Patterns":null},"bootstrap.rtl.css.map":{"Children":null,"Asset":{"ContentRootIndex":0,"SubPath":"lib/bootstrap/dist/css/bootstrap.rtl.css.map"},"Patterns":null},"bootstrap.rtl.min.css":{"Children":null,"Asset":{"ContentRootIndex":0,"SubPath":"lib/bootstrap/dist/css/bootstrap.rtl.min.css"},"Patterns":null},"bootstrap.rtl.min.css.map":{"Children":null,"Asset":{"ContentRootIndex":0,"SubPath":"lib/bootstrap/dist/css/bootstrap.rtl.min.css.map"},"Patterns":null},"bootstrap-grid.css.gz":{"Children":null,"Asset":{"ContentRootIndex":3,"SubPath":"14ipv7q33s-bqjiyaj88i.gz"},"Patterns":null},"bootstrap-grid.css.map.gz":{"Children":null,"Asset":{"ContentRootIndex":3,"SubPath":"rh65p086id-c2jlpeoesf.gz"},"Patterns":null},"bootstrap-grid.min.css.gz":{"Children":null,"Asset":{"ContentRootIndex":3,"SubPath":"eb27mqwgz2-erw9l3u2r3.gz"},"Patterns":null},"bootstrap-grid.min.css.map.gz":{"Children":null,"Asset":{"ContentRootIndex":3,"SubPath":"9glsckmvxo-aexeepp0ev.gz"},"Patterns":null},"bootstrap-grid.rtl.css.gz":{"Children":null,"Asset":{"ContentRootIndex":3,"SubPath":"hh8ihyobdx-d7shbmvgxk.gz"},"Patterns":null},"bootstrap-grid.rtl.css.map.gz":{"Children":null,"Asset":{"ContentRootIndex":3,"SubPath":"bww8ud00yd-ausgxo2sd3.gz"},"Patterns":null},"bootstrap-grid.rtl.min.css.gz":{"Children":null,"Asset":{"ContentRootIndex":3,"SubPath":"edcrak57d7-k8d9w2qqmf.gz"},"Patterns":null},"bootstrap-grid.rtl.min.css.map.gz":{"Children":null,"Asset":{"ContentRootIndex":3,"SubPath":"sf8kf2lula-cosvhxvwiu.gz"},"Patterns":null},"bootstrap-reboot.css.gz":{"Children":null,"Asset":{"ContentRootIndex":3,"SubPath":"3tzsqhslk9-ub07r2b239.gz"},"Patterns":null},"bootstrap-reboot.css.map.gz":{"Children":null,"Asset":{"ContentRootIndex":3,"SubPath":"oxk5o6czdw-fvhpjtyr6v.gz"},"Patterns":null},"bootstrap-reboot.min.css.gz":{"Children":null,"Asset":{"ContentRootIndex":3,"SubPath":"k8b25g0zwc-b7pk76d08c.gz"},"Patterns":null},"bootstrap-reboot.min.css.map.gz":{"Children":null,"Asset":{"ContentRootIndex":3,"SubPath":"8axix7wldr-fsbi9cje9m.gz"},"Patterns":null},"bootstrap-reboot.rtl.css.gz":{"Children":null,"Asset":{"ContentRootIndex":3,"SubPath":"d5z9sfpxbi-rzd6atqjts.gz"},"Patterns":null},"bootstrap-reboot.rtl.css.map.gz":{"Children":null,"Asset":{"ContentRootIndex":3,"SubPath":"u8428c4e9i-ee0r1s7dh0.gz"},"Patterns":null},"bootstrap-reboot.rtl.min.css.gz":{"Children":null,"Asset":{"ContentRootIndex":3,"SubPath":"tg53r17ghy-dxx9fxp4il.gz"},"Patterns":null},"bootstrap-reboot.rtl.min.css.map.gz":{"Children":null,"Asset":{"ContentRootIndex":3,"SubPath":"nlrl0f3xs3-jd9uben2k1.gz"},"Patterns":null},"bootstrap-utilities.css.gz":{"Children":null,"Asset":{"ContentRootIndex":3,"SubPath":"1fc4q00scq-khv3u5hwcm.gz"},"Patterns":null},"bootstrap-utilities.css.map.gz":{"Children":null,"Asset":{"ContentRootIndex":3,"SubPath":"8xykfy6qmd-r4e9w2rdcm.gz"},"Patterns":null},"bootstrap-utilities.min.css.gz":{"Children":null,"Asset":{"ContentRootIndex":3,"SubPath":"vsrbd71spn-lcd1t2u6c8.gz"},"Patterns":null},"bootstrap-utilities.min.css.map.gz":{"Children":null,"Asset":{"ContentRootIndex":3,"SubPath":"cynp17w084-c2oey78nd0.gz"},"Patterns":null},"bootstrap-utilities.rtl.css.gz":{"Children":null,"Asset":{"ContentRootIndex":3,"SubPath":"7o8oyvng68-tdbxkamptv.gz"},"Patterns":null},"bootstrap-utilities.rtl.css.map.gz":{"Children":null,"Asset":{"ContentRootIndex":3,"SubPath":"h9vwtoirpy-j5mq2jizvt.gz"},"Patterns":null},"bootstrap-utilities.rtl.min.css.gz":{"Children":null,"Asset":{"ContentRootIndex":3,"SubPath":"o5k23vqhrk-06098lyss8.gz"},"Patterns":null},"bootstrap-utilities.rtl.min.css.map.gz":{"Children":null,"Asset":{"ContentRootIndex":3,"SubPath":"iznc766avz-nvvlpmu67g.gz"},"Patterns":null},"bootstrap.css.gz":{"Children":null,"Asset":{"ContentRootIndex":3,"SubPath":"ns4583i71s-s35ty4nyc5.gz"},"Patterns":null},"bootstrap.css.map.gz":{"Children":null,"Asset":{"ContentRootIndex":3,"SubPath":"47012z8l2l-pj5nd1wqec.gz"},"Patterns":null},"bootstrap.min.css.gz":{"Children":null,"Asset":{"ContentRootIndex":3,"SubPath":"4vzefxwp2m-46ein0sx1k.gz"},"Patterns":null},"bootstrap.min.css.map.gz":{"Children":null,"Asset":{"ContentRootIndex":3,"SubPath":"bh4v3mdph9-v0zj4ognzu.gz"},"Patterns":null},"bootstrap.rtl.css.gz":{"Children":null,"Asset":{"ContentRootIndex":3,"SubPath":"l186vlgaag-37tfw0ft22.gz"},"Patterns":null},"bootstrap.rtl.css.map.gz":{"Children":null,"Asset":{"ContentRootIndex":3,"SubPath":"rsc7qacj1u-hrwsygsryq.gz"},"Patterns":null},"bootstrap.rtl.min.css.gz":{"Children":null,"Asset":{"ContentRootIndex":3,"SubPath":"z408qb6q7a-pk9g2wxc8p.gz"},"Patterns":null},"bootstrap.rtl.min.css.map.gz":{"Children":null,"Asset":{"ContentRootIndex":3,"SubPath":"qfr28sqcy1-ft3s53vfgj.gz"},"Patterns":null}},"Asset":null,"Patterns":null},"js":{"Children":{"bootstrap.bundle.js":{"Children":null,"Asset":{"ContentRootIndex":0,"SubPath":"lib/bootstrap/dist/js/bootstrap.bundle.js"},"Patterns":null},"bootstrap.bundle.js.map":{"Children":null,"Asset":{"ContentRootIndex":0,"SubPath":"lib/bootstrap/dist/js/bootstrap.bundle.js.map"},"Patterns":null},"bootstrap.bundle.min.js":{"Children":null,"Asset":{"ContentRootIndex":0,"SubPath":"lib/bootstrap/dist/js/bootstrap.bundle.min.js"},"Patterns":null},"bootstrap.bundle.min.js.map":{"Children":null,"Asset":{"ContentRootIndex":0,"SubPath":"lib/bootstrap/dist/js/bootstrap.bundle.min.js.map"},"Patterns":null},"bootstrap.esm.js":{"Children":null,"Asset":{"ContentRootIndex":0,"SubPath":"lib/bootstrap/dist/js/bootstrap.esm.js"},"Patterns":null},"bootstrap.esm.js.map":{"Children":null,"Asset":{"ContentRootIndex":0,"SubPath":"lib/bootstrap/dist/js/bootstrap.esm.js.map"},"Patterns":null},"bootstrap.esm.min.js":{"Children":null,"Asset":{"ContentRootIndex":0,"SubPath":"lib/bootstrap/dist/js/bootstrap.esm.min.js"},"Patterns":null},"bootstrap.esm.min.js.map":{"Children":null,"Asset":{"ContentRootIndex":0,"SubPath":"lib/bootstrap/dist/js/bootstrap.esm.min.js.map"},"Patterns":null},"bootstrap.js":{"Children":null,"Asset":{"ContentRootIndex":0,"SubPath":"lib/bootstrap/dist/js/bootstrap.js"},"Patterns":null},"bootstrap.js.map":{"Children":null,"Asset":{"ContentRootIndex":0,"SubPath":"lib/bootstrap/dist/js/bootstrap.js.map"},"Patterns":null},"bootstrap.min.js":{"Children":null,"Asset":{"ContentRootIndex":0,"SubPath":"lib/bootstrap/dist/js/bootstrap.min.js"},"Patterns":null},"bootstrap.min.js.map":{"Children":null,"Asset":{"ContentRootIndex":0,"SubPath":"lib/bootstrap/dist/js/bootstrap.min.js.map"},"Patterns":null},"bootstrap.bundle.js.gz":{"Children":null,"Asset":{"ContentRootIndex":3,"SubPath":"0k1i85ntyh-6cfz1n2cew.gz"},"Patterns":null},"bootstrap.bundle.js.map.gz":{"Children":null,"Asset":{"ContentRootIndex":3,"SubPath":"xa379ftczi-6pdc2jztkx.gz"},"Patterns":null},"bootstrap.bundle.min.js.gz":{"Children":null,"Asset":{"ContentRootIndex":3,"SubPath":"lr5hmrr0j7-493y06b0oq.gz"},"Patterns":null},"bootstrap.bundle.min.js.map.gz":{"Children":null,"Asset":{"ContentRootIndex":3,"SubPath":"ivy2s9gwh5-iovd86k7lj.gz"},"Patterns":null},"bootstrap.esm.js.gz":{"Children":null,"Asset":{"ContentRootIndex":3,"SubPath":"higufxz8op-vr1egmr9el.gz"},"Patterns":null},"bootstrap.esm.js.map.gz":{"Children":null,"Asset":{"ContentRootIndex":3,"SubPath":"s3tglgz8hr-kbrnm935zg.gz"},"Patterns":null},"bootstrap.esm.min.js.gz":{"Children":null,"Asset":{"ContentRootIndex":3,"SubPath":"vw9sls9bhj-jj8uyg4cgr.gz"},"Patterns":null},"bootstrap.esm.min.js.map.gz":{"Children":null,"Asset":{"ContentRootIndex":3,"SubPath":"ym8tkpcl2i-y7v9cxd14o.gz"},"Patterns":null},"bootstrap.js.gz":{"Children":null,"Asset":{"ContentRootIndex":3,"SubPath":"zzna4nrm5w-notf2xhcfb.gz"},"Patterns":null},"bootstrap.js.map.gz":{"Children":null,"Asset":{"ContentRootIndex":3,"SubPath":"igscs4x0yk-h1s4sie4z3.gz"},"Patterns":null},"bootstrap.min.js.gz":{"Children":null,"Asset":{"ContentRootIndex":3,"SubPath":"zap00c0tb5-63fj8s7r0e.gz"},"Patterns":null},"bootstrap.min.js.map.gz":{"Children":null,"Asset":{"ContentRootIndex":3,"SubPath":"pogzkicjpz-0j3bgjxly4.gz"},"Patterns":null}},"Asset":null,"Patterns":null}},"Asset":null,"Patterns":null},"LICENSE":{"Children":null,"Asset":{"ContentRootIndex":0,"SubPath":"lib/bootstrap/LICENSE"},"Patterns":null}},"Asset":null,"Patterns":null},"jquery-validation-unobtrusive":{"Children":{"dist":{"Children":{"jquery.validate.unobtrusive.js":{"Children":null,"Asset":{"ContentRootIndex":0,"SubPath":"lib/jquery-validation-unobtrusive/dist/jquery.validate.unobtrusive.js"},"Patterns":null},"jquery.validate.unobtrusive.min.js":{"Children":null,"Asset":{"ContentRootIndex":0,"SubPath":"lib/jquery-validation-unobtrusive/dist/jquery.validate.unobtrusive.min.js"},"Patterns":null},"jquery.validate.unobtrusive.js.gz":{"Children":null,"Asset":{"ContentRootIndex":3,"SubPath":"j3hwsq15kh-47otxtyo56.gz"},"Patterns":null},"jquery.validate.unobtrusive.min.js.gz":{"Children":null,"Asset":{"ContentRootIndex":3,"SubPath":"q3naettu8c-4v8eqarkd7.gz"},"Patterns":null}},"Asset":null,"Patterns":null},"LICENSE.txt":{"Children":null,"Asset":{"ContentRootIndex":0,"SubPath":"lib/jquery-validation-unobtrusive/LICENSE.txt"},"Patterns":null},"LICENSE.txt.gz":{"Children":null,"Asset":{"ContentRootIndex":3,"SubPath":"ldxy2n3w6q-356vix0kms.gz"},"Patterns":null}},"Asset":null,"Patterns":null},"jquery-validation":{"Children":{"dist":{"Children":{"additional-methods.js":{"Children":null,"Asset":{"ContentRootIndex":0,"SubPath":"lib/jquery-validation/dist/additional-methods.js"},"Patterns":null},"additional-methods.min.js":{"Children":null,"Asset":{"ContentRootIndex":0,"SubPath":"lib/jquery-validation/dist/additional-methods.min.js"},"Patterns":null},"jquery.validate.js":{"Children":null,"Asset":{"ContentRootIndex":0,"SubPath":"lib/jquery-validation/dist/jquery.validate.js"},"Patterns":null},"jquery.validate.min.js":{"Children":null,"Asset":{"ContentRootIndex":0,"SubPath":"lib/jquery-validation/dist/jquery.validate.min.js"},"Patterns":null},"additional-methods.js.gz":{"Children":null,"Asset":{"ContentRootIndex":3,"SubPath":"ypthv7q62w-83jwlth58m.gz"},"Patterns":null},"additional-methods.min.js.gz":{"Children":null,"Asset":{"ContentRootIndex":3,"SubPath":"t6e3b82hrf-mrlpezrjn3.gz"},"Patterns":null},"jquery.validate.js.gz":{"Children":null,"Asset":{"ContentRootIndex":3,"SubPath":"uocis9wxbx-lzl9nlhx6b.gz"},"Patterns":null},"jquery.validate.min.js.gz":{"Children":null,"Asset":{"ContentRootIndex":3,"SubPath":"2tikzqlmtu-ag7o75518u.gz"},"Patterns":null}},"Asset":null,"Patterns":null},"LICENSE.md":{"Children":null,"Asset":{"ContentRootIndex":0,"SubPath":"lib/jquery-validation/LICENSE.md"},"Patterns":null},"LICENSE.md.gz":{"Children":null,"Asset":{"ContentRootIndex":3,"SubPath":"9muusbdg0a-x0q3zqp4vz.gz"},"Patterns":null}},"Asset":null,"Patterns":null},"jquery":{"Children":{"dist":{"Children":{"jquery.js":{"Children":null,"Asset":{"ContentRootIndex":0,"SubPath":"lib/jquery/dist/jquery.js"},"Patterns":null},"jquery.min.js":{"Children":null,"Asset":{"ContentRootIndex":0,"SubPath":"lib/jquery/dist/jquery.min.js"},"Patterns":null},"jquery.min.map":{"Children":null,"Asset":{"ContentRootIndex":0,"SubPath":"lib/jquery/dist/jquery.min.map"},"Patterns":null},"jquery.slim.js":{"Children":null,"Asset":{"ContentRootIndex":0,"SubPath":"lib/jquery/dist/jquery.slim.js"},"Patterns":null},"jquery.slim.min.js":{"Children":null,"Asset":{"ContentRootIndex":0,"SubPath":"lib/jquery/dist/jquery.slim.min.js"},"Patterns":null},"jquery.slim.min.map":{"Children":null,"Asset":{"ContentRootIndex":0,"SubPath":"lib/jquery/dist/jquery.slim.min.map"},"Patterns":null},"jquery.js.gz":{"Children":null,"Asset":{"ContentRootIndex":3,"SubPath":"tpsq5dibur-0i3buxo5is.gz"},"Patterns":null},"jquery.min.js.gz":{"Children":null,"Asset":{"ContentRootIndex":3,"SubPath":"t0qo7o574p-o1o13a6vjx.gz"},"Patterns":null},"jquery.min.map.gz":{"Children":null,"Asset":{"ContentRootIndex":3,"SubPath":"b9lhb08218-ttgo8qnofa.gz"},"Patterns":null},"jquery.slim.js.gz":{"Children":null,"Asset":{"ContentRootIndex":3,"SubPath":"a3ygkwa5zy-2z0ns9nrw6.gz"},"Patterns":null},"jquery.slim.min.js.gz":{"Children":null,"Asset":{"ContentRootIndex":3,"SubPath":"nezrqnk58p-muycvpuwrr.gz"},"Patterns":null},"jquery.slim.min.map.gz":{"Children":null,"Asset":{"ContentRootIndex":3,"SubPath":"v0zgfp0y55-87fc7y1x7t.gz"},"Patterns":null}},"Asset":null,"Patterns":null},"LICENSE.txt":{"Children":null,"Asset":{"ContentRootIndex":0,"SubPath":"lib/jquery/LICENSE.txt"},"Patterns":null},"LICENSE.txt.gz":{"Children":null,"Asset":{"ContentRootIndex":3,"SubPath":"yfc7ypekbg-mlv21k5csn.gz"},"Patterns":null}},"Asset":null,"Patterns":null}},"Asset":null,"Patterns":null},"favicon.ico.gz":{"Children":null,"Asset":{"ContentRootIndex":3,"SubPath":"j9swiz3yzq-90yqlj465b.gz"},"Patterns":null}},"Asset":null,"Patterns":null},"Content":{"Children":{"backend":{"Children":{"css":{"Children":{"app.min.css":{"Children":null,"Asset":{"ContentRootIndex":1,"SubPath":"Content/backend/css/app.min.css"},"Patterns":null},"bootstrap.min.css":{"Children":null,"Asset":{"ContentRootIndex":1,"SubPath":"Content/backend/css/bootstrap.min.css"},"Patterns":null},"css.css":{"Children":null,"Asset":{"ContentRootIndex":1,"SubPath":"Content/backend/css/css.css"},"Patterns":null},"icons.min.css":{"Children":null,"Asset":{"ContentRootIndex":1,"SubPath":"Content/backend/css/icons.min.css"},"Patterns":null},"style.css":{"Children":null,"Asset":{"ContentRootIndex":1,"SubPath":"Content/backend/css/style.css"},"Patterns":null},"s":{"Children":{"poppins":{"Children":{"v15":{"Children":{"pxiByp8kv8JHgFVrLCz7Z1xlEA.ttf":{"Children":null,"Asset":{"ContentRootIndex":1,"SubPath":"Content/backend/css/s/poppins/v15/pxiByp8kv8JHgFVrLCz7Z1xlEA.ttf"},"Patterns":null},"pxiByp8kv8JHgFVrLEj6Z1xlEA.ttf":{"Children":null,"Asset":{"ContentRootIndex":1,"SubPath":"Content/backend/css/s/poppins/v15/pxiByp8kv8JHgFVrLEj6Z1xlEA.ttf"},"Patterns":null},"pxiByp8kv8JHgFVrLGT9Z1xlEA.ttf":{"Children":null,"Asset":{"ContentRootIndex":1,"SubPath":"Content/backend/css/s/poppins/v15/pxiByp8kv8JHgFVrLGT9Z1xlEA.ttf"},"Patterns":null},"pxiEyp8kv8JHgFVrJJfedw.ttf":{"Children":null,"Asset":{"ContentRootIndex":1,"SubPath":"Content/backend/css/s/poppins/v15/pxiEyp8kv8JHgFVrJJfedw.ttf"},"Patterns":null}},"Asset":null,"Patterns":null}},"Asset":null,"Patterns":null},"worksans":{"Children":{"v8":{"Children":{"QGY_z_wNahGAdqQ43RhVcIgYT2Xz5u32K0nXBi8Jow.ttf":{"Children":null,"Asset":{"ContentRootIndex":1,"SubPath":"Content/backend/css/s/worksans/v8/QGY_z_wNahGAdqQ43RhVcIgYT2Xz5u32K0nXBi8Jow.ttf"},"Patterns":null},"QGY_z_wNahGAdqQ43RhVcIgYT2Xz5u32K3vXBi8Jow.ttf":{"Children":null,"Asset":{"ContentRootIndex":1,"SubPath":"Content/backend/css/s/worksans/v8/QGY_z_wNahGAdqQ43RhVcIgYT2Xz5u32K3vXBi8Jow.ttf"},"Patterns":null},"QGY_z_wNahGAdqQ43RhVcIgYT2Xz5u32K5fQBi8Jow.ttf":{"Children":null,"Asset":{"ContentRootIndex":1,"SubPath":"Content/backend/css/s/worksans/v8/QGY_z_wNahGAdqQ43RhVcIgYT2Xz5u32K5fQBi8Jow.ttf"},"Patterns":null}},"Asset":null,"Patterns":null}},"Asset":null,"Patterns":null}},"Asset":null,"Patterns":null},"app.min.css.gz":{"Children":null,"Asset":{"ContentRootIndex":3,"SubPath":"ul9bz29q6n-ez2vyvpsh1.gz"},"Patterns":null},"bootstrap.min.css.gz":{"Children":null,"Asset":{"ContentRootIndex":3,"SubPath":"5uidkpjdjw-gfvme04y78.gz"},"Patterns":null},"css.css.gz":{"Children":null,"Asset":{"ContentRootIndex":3,"SubPath":"uaa8m2h1hx-26k3hg7uk5.gz"},"Patterns":null},"icons.min.css.gz":{"Children":null,"Asset":{"ContentRootIndex":3,"SubPath":"ax8m6y3bh9-wt91sx883t.gz"},"Patterns":null},"style.css.gz":{"Children":null,"Asset":{"ContentRootIndex":3,"SubPath":"kq2n8tuwle-3d8w3ld1og.gz"},"Patterns":null}},"Asset":null,"Patterns":null},"fonts":{"Children":{"fa-brands-400-1.bin":{"Children":null,"Asset":{"ContentRootIndex":1,"SubPath":"Content/backend/fonts/fa-brands-400-1.bin"},"Patterns":null},"fa-brands-400-2.bin":{"Children":null,"Asset":{"ContentRootIndex":1,"SubPath":"Content/backend/fonts/fa-brands-400-2.bin"},"Patterns":null},"fa-brands-400-3.bin":{"Children":null,"Asset":{"ContentRootIndex":1,"SubPath":"Content/backend/fonts/fa-brands-400-3.bin"},"Patterns":null},"fa-brands-400-4.bin":{"Children":null,"Asset":{"ContentRootIndex":1,"SubPath":"Content/backend/fonts/fa-brands-400-4.bin"},"Patterns":null},"fa-brands-400.bin":{"Children":null,"Asset":{"ContentRootIndex":1,"SubPath":"Content/backend/fonts/fa-brands-400.bin"},"Patterns":null},"fa-brands-400.svg":{"Children":null,"Asset":{"ContentRootIndex":1,"SubPath":"Content/backend/fonts/fa-brands-400.svg"},"Patterns":null},"fa-regular-400-1.bin":{"Children":null,"Asset":{"ContentRootIndex":1,"SubPath":"Content/backend/fonts/fa-regular-400-1.bin"},"Patterns":null},"fa-regular-400-2.bin":{"Children":null,"Asset":{"ContentRootIndex":1,"SubPath":"Content/backend/fonts/fa-regular-400-2.bin"},"Patterns":null},"fa-regular-400-3.bin":{"Children":null,"Asset":{"ContentRootIndex":1,"SubPath":"Content/backend/fonts/fa-regular-400-3.bin"},"Patterns":null},"fa-regular-400-4.bin":{"Children":null,"Asset":{"ContentRootIndex":1,"SubPath":"Content/backend/fonts/fa-regular-400-4.bin"},"Patterns":null},"fa-regular-400.bin":{"Children":null,"Asset":{"ContentRootIndex":1,"SubPath":"Content/backend/fonts/fa-regular-400.bin"},"Patterns":null},"fa-regular-400.svg":{"Children":null,"Asset":{"ContentRootIndex":1,"SubPath":"Content/backend/fonts/fa-regular-400.svg"},"Patterns":null},"fa-solid-900-1.bin":{"Children":null,"Asset":{"ContentRootIndex":1,"SubPath":"Content/backend/fonts/fa-solid-900-1.bin"},"Patterns":null},"fa-solid-900-2.bin":{"Children":null,"Asset":{"ContentRootIndex":1,"SubPath":"Content/backend/fonts/fa-solid-900-2.bin"},"Patterns":null},"fa-solid-900-3.bin":{"Children":null,"Asset":{"ContentRootIndex":1,"SubPath":"Content/backend/fonts/fa-solid-900-3.bin"},"Patterns":null},"fa-solid-900-4.bin":{"Children":null,"Asset":{"ContentRootIndex":1,"SubPath":"Content/backend/fonts/fa-solid-900-4.bin"},"Patterns":null},"fa-solid-900.bin":{"Children":null,"Asset":{"ContentRootIndex":1,"SubPath":"Content/backend/fonts/fa-solid-900.bin"},"Patterns":null},"fa-solid-900.svg":{"Children":null,"Asset":{"ContentRootIndex":1,"SubPath":"Content/backend/fonts/fa-solid-900.svg"},"Patterns":null},"feather-1.bin":{"Children":null,"Asset":{"ContentRootIndex":1,"SubPath":"Content/backend/fonts/feather-1.bin"},"Patterns":null},"feather-2.bin":{"Children":null,"Asset":{"ContentRootIndex":1,"SubPath":"Content/backend/fonts/feather-2.bin"},"Patterns":null},"feather.bin":{"Children":null,"Asset":{"ContentRootIndex":1,"SubPath":"Content/backend/fonts/feather.bin"},"Patterns":null},"feather.svg":{"Children":null,"Asset":{"ContentRootIndex":1,"SubPath":"Content/backend/fonts/feather.svg"},"Patterns":null},"line-awesome-1.bin":{"Children":null,"Asset":{"ContentRootIndex":1,"SubPath":"Content/backend/fonts/line-awesome-1.bin"},"Patterns":null},"line-awesome-2.bin":{"Children":null,"Asset":{"ContentRootIndex":1,"SubPath":"Content/backend/fonts/line-awesome-2.bin"},"Patterns":null},"line-awesome-3.bin":{"Children":null,"Asset":{"ContentRootIndex":1,"SubPath":"Content/backend/fonts/line-awesome-3.bin"},"Patterns":null},"line-awesome-4.bin":{"Children":null,"Asset":{"ContentRootIndex":1,"SubPath":"Content/backend/fonts/line-awesome-4.bin"},"Patterns":null},"line-awesome.bin":{"Children":null,"Asset":{"ContentRootIndex":1,"SubPath":"Content/backend/fonts/line-awesome.bin"},"Patterns":null},"line-awesome.svg":{"Children":null,"Asset":{"ContentRootIndex":1,"SubPath":"Content/backend/fonts/line-awesome.svg"},"Patterns":null},"materialdesignicons-webfont-1.bin":{"Children":null,"Asset":{"ContentRootIndex":1,"SubPath":"Content/backend/fonts/materialdesignicons-webfont-1.bin"},"Patterns":null},"materialdesignicons-webfont-2.bin":{"Children":null,"Asset":{"ContentRootIndex":1,"SubPath":"Content/backend/fonts/materialdesignicons-webfont-2.bin"},"Patterns":null},"materialdesignicons-webfont-3.bin":{"Children":null,"Asset":{"ContentRootIndex":1,"SubPath":"Content/backend/fonts/materialdesignicons-webfont-3.bin"},"Patterns":null},"materialdesignicons-webfont-4.bin":{"Children":null,"Asset":{"ContentRootIndex":1,"SubPath":"Content/backend/fonts/materialdesignicons-webfont-4.bin"},"Patterns":null},"materialdesignicons-webfont.bin":{"Children":null,"Asset":{"ContentRootIndex":1,"SubPath":"Content/backend/fonts/materialdesignicons-webfont.bin"},"Patterns":null},"materialdesignicons-webfont.svg":{"Children":null,"Asset":{"ContentRootIndex":1,"SubPath":"Content/backend/fonts/materialdesignicons-webfont.svg"},"Patterns":null},"Simple-Line-Icons-1.bin":{"Children":null,"Asset":{"ContentRootIndex":1,"SubPath":"Content/backend/fonts/Simple-Line-Icons-1.bin"},"Patterns":null},"Simple-Line-Icons-2.bin":{"Children":null,"Asset":{"ContentRootIndex":1,"SubPath":"Content/backend/fonts/Simple-Line-Icons-2.bin"},"Patterns":null},"Simple-Line-Icons-3.bin":{"Children":null,"Asset":{"ContentRootIndex":1,"SubPath":"Content/backend/fonts/Simple-Line-Icons-3.bin"},"Patterns":null},"Simple-Line-Icons-4.bin":{"Children":null,"Asset":{"ContentRootIndex":1,"SubPath":"Content/backend/fonts/Simple-Line-Icons-4.bin"},"Patterns":null},"Simple-Line-Icons.bin":{"Children":null,"Asset":{"ContentRootIndex":1,"SubPath":"Content/backend/fonts/Simple-Line-Icons.bin"},"Patterns":null},"Simple-Line-Icons.svg":{"Children":null,"Asset":{"ContentRootIndex":1,"SubPath":"Content/backend/fonts/Simple-Line-Icons.svg"},"Patterns":null},"summernote-1.bin":{"Children":null,"Asset":{"ContentRootIndex":1,"SubPath":"Content/backend/fonts/summernote-1.bin"},"Patterns":null},"summernote-2.bin":{"Children":null,"Asset":{"ContentRootIndex":1,"SubPath":"Content/backend/fonts/summernote-2.bin"},"Patterns":null},"summernote-3.bin":{"Children":null,"Asset":{"ContentRootIndex":1,"SubPath":"Content/backend/fonts/summernote-3.bin"},"Patterns":null},"summernote.bin":{"Children":null,"Asset":{"ContentRootIndex":1,"SubPath":"Content/backend/fonts/summernote.bin"},"Patterns":null},"fa-brands-400.svg.gz":{"Children":null,"Asset":{"ContentRootIndex":3,"SubPath":"wgx97lpjx0-jhwz415l1z.gz"},"Patterns":null},"fa-regular-400.svg.gz":{"Children":null,"Asset":{"ContentRootIndex":3,"SubPath":"4sotdxxyr2-58ryma8p21.gz"},"Patterns":null},"fa-solid-900.svg.gz":{"Children":null,"Asset":{"ContentRootIndex":3,"SubPath":"n2dygx2gzi-4cgwhuxewy.gz"},"Patterns":null},"feather.svg.gz":{"Children":null,"Asset":{"ContentRootIndex":3,"SubPath":"dgy4a2sl0z-xwhbjt9kqu.gz"},"Patterns":null},"line-awesome.svg.gz":{"Children":null,"Asset":{"ContentRootIndex":3,"SubPath":"hhl2mxvn94-bilrplyxi0.gz"},"Patterns":null},"materialdesignicons-webfont.svg.gz":{"Children":null,"Asset":{"ContentRootIndex":3,"SubPath":"yl68ff7trb-yrbk1u25fe.gz"},"Patterns":null},"Simple-Line-Icons.svg.gz":{"Children":null,"Asset":{"ContentRootIndex":3,"SubPath":"sxuk5cvxzx-yxb84yelei.gz"},"Patterns":null}},"Asset":null,"Patterns":null},"images":{"Children":{"bg-pattern-2.png":{"Children":null,"Asset":{"ContentRootIndex":1,"SubPath":"Content/backend/images/bg-pattern-2.png"},"Patterns":null},"bg-pattern.png":{"Children":null,"Asset":{"ContentRootIndex":1,"SubPath":"Content/backend/images/bg-pattern.png"},"Patterns":null},"category.png":{"Children":null,"Asset":{"ContentRootIndex":1,"SubPath":"Content/backend/images/category.png"},"Patterns":null},"error.svg":{"Children":null,"Asset":{"ContentRootIndex":1,"SubPath":"Content/backend/images/error.svg"},"Patterns":null},"favicon.ico":{"Children":null,"Asset":{"ContentRootIndex":1,"SubPath":"Content/backend/images/favicon.ico"},"Patterns":null},"logo-dark.png":{"Children":null,"Asset":{"ContentRootIndex":1,"SubPath":"Content/backend/images/logo-dark.png"},"Patterns":null},"logo-light.png":{"Children":null,"Asset":{"ContentRootIndex":1,"SubPath":"Content/backend/images/logo-light.png"},"Patterns":null},"logo-sm.png":{"Children":null,"Asset":{"ContentRootIndex":1,"SubPath":"Content/backend/images/logo-sm.png"},"Patterns":null},"maintenance.svg":{"Children":null,"Asset":{"ContentRootIndex":1,"SubPath":"Content/backend/images/maintenance.svg"},"Patterns":null},"maker-launch.svg":{"Children":null,"Asset":{"ContentRootIndex":1,"SubPath":"Content/backend/images/maker-launch.svg"},"Patterns":null},"megamenu-bg.png":{"Children":null,"Asset":{"ContentRootIndex":1,"SubPath":"Content/backend/images/megamenu-bg.png"},"Patterns":null},"multi_product_category.png":{"Children":null,"Asset":{"ContentRootIndex":1,"SubPath":"Content/backend/images/multi_product_category.png"},"Patterns":null},"quy-trinh.png":{"Children":null,"Asset":{"ContentRootIndex":1,"SubPath":"Content/backend/images/quy-trinh.png"},"Patterns":null},"search.png":{"Children":null,"Asset":{"ContentRootIndex":1,"SubPath":"Content/backend/images/search.png"},"Patterns":null},"update.svg":{"Children":null,"Asset":{"ContentRootIndex":1,"SubPath":"Content/backend/images/update.svg"},"Patterns":null},"users":{"Children":{"user-1.jpg":{"Children":null,"Asset":{"ContentRootIndex":1,"SubPath":"Content/backend/images/users/user-1.jpg"},"Patterns":null},"user-10.jpg":{"Children":null,"Asset":{"ContentRootIndex":1,"SubPath":"Content/backend/images/users/user-10.jpg"},"Patterns":null},"user-2.jpg":{"Children":null,"Asset":{"ContentRootIndex":1,"SubPath":"Content/backend/images/users/user-2.jpg"},"Patterns":null},"user-3.jpg":{"Children":null,"Asset":{"ContentRootIndex":1,"SubPath":"Content/backend/images/users/user-3.jpg"},"Patterns":null},"user-4.jpg":{"Children":null,"Asset":{"ContentRootIndex":1,"SubPath":"Content/backend/images/users/user-4.jpg"},"Patterns":null},"user-5.jpg":{"Children":null,"Asset":{"ContentRootIndex":1,"SubPath":"Content/backend/images/users/user-5.jpg"},"Patterns":null},"user-6.jpg":{"Children":null,"Asset":{"ContentRootIndex":1,"SubPath":"Content/backend/images/users/user-6.jpg"},"Patterns":null},"user-7.jpg":{"Children":null,"Asset":{"ContentRootIndex":1,"SubPath":"Content/backend/images/users/user-7.jpg"},"Patterns":null},"user-8.jpg":{"Children":null,"Asset":{"ContentRootIndex":1,"SubPath":"Content/backend/images/users/user-8.jpg"},"Patterns":null},"user-9.jpg":{"Children":null,"Asset":{"ContentRootIndex":1,"SubPath":"Content/backend/images/users/user-9.jpg"},"Patterns":null}},"Asset":null,"Patterns":null},"error.svg.gz":{"Children":null,"Asset":{"ContentRootIndex":3,"SubPath":"mv1zp95o8d-tj8b221u2s.gz"},"Patterns":null},"favicon.ico.gz":{"Children":null,"Asset":{"ContentRootIndex":3,"SubPath":"6v4xm7pjs6-yzw8c3ib1c.gz"},"Patterns":null},"maintenance.svg.gz":{"Children":null,"Asset":{"ContentRootIndex":3,"SubPath":"yj06jjii73-llf8rcfw94.gz"},"Patterns":null},"maker-launch.svg.gz":{"Children":null,"Asset":{"ContentRootIndex":3,"SubPath":"y7vqacmnk0-oboflq9r3g.gz"},"Patterns":null},"update.svg.gz":{"Children":null,"Asset":{"ContentRootIndex":3,"SubPath":"fn2g7rytxm-evd03ti9eh.gz"},"Patterns":null}},"Asset":null,"Patterns":null},"jquery-vectormap":{"Children":{"jquery-jvectormap-1.2.2.css":{"Children":null,"Asset":{"ContentRootIndex":1,"SubPath":"Content/backend/jquery-vectormap/jquery-jvectormap-1.2.2.css"},"Patterns":null},"jquery-jvectormap-1.2.2.min.js":{"Children":null,"Asset":{"ContentRootIndex":1,"SubPath":"Content/backend/jquery-vectormap/jquery-jvectormap-1.2.2.min.js"},"Patterns":null},"jquery-jvectormap-au-mill-en.js":{"Children":null,"Asset":{"ContentRootIndex":1,"SubPath":"Content/backend/jquery-vectormap/jquery-jvectormap-au-mill-en.js"},"Patterns":null},"jquery-jvectormap-ca-lcc-en.js":{"Children":null,"Asset":{"ContentRootIndex":1,"SubPath":"Content/backend/jquery-vectormap/jquery-jvectormap-ca-lcc-en.js"},"Patterns":null},"jquery-jvectormap-in-mill-en.js":{"Children":null,"Asset":{"ContentRootIndex":1,"SubPath":"Content/backend/jquery-vectormap/jquery-jvectormap-in-mill-en.js"},"Patterns":null},"jquery-jvectormap-uk-mill-en.js":{"Children":null,"Asset":{"ContentRootIndex":1,"SubPath":"Content/backend/jquery-vectormap/jquery-jvectormap-uk-mill-en.js"},"Patterns":null},"jquery-jvectormap-us-il-chicago-mill-en.js":{"Children":null,"Asset":{"ContentRootIndex":1,"SubPath":"Content/backend/jquery-vectormap/jquery-jvectormap-us-il-chicago-mill-en.js"},"Patterns":null},"jquery-jvectormap-us-merc-en.js":{"Children":null,"Asset":{"ContentRootIndex":1,"SubPath":"Content/backend/jquery-vectormap/jquery-jvectormap-us-merc-en.js"},"Patterns":null},"jquery-jvectormap-world-mill-en.js":{"Children":null,"Asset":{"ContentRootIndex":1,"SubPath":"Content/backend/jquery-vectormap/jquery-jvectormap-world-mill-en.js"},"Patterns":null},"jquery-jvectormap-1.2.2.css.gz":{"Children":null,"Asset":{"ContentRootIndex":3,"SubPath":"wgdacznq2c-vxr3kud8te.gz"},"Patterns":null},"jquery-jvectormap-1.2.2.min.js.gz":{"Children":null,"Asset":{"ContentRootIndex":3,"SubPath":"8d2gsp9qtb-9qfmw2t5bj.gz"},"Patterns":null},"jquery-jvectormap-au-mill-en.js.gz":{"Children":null,"Asset":{"ContentRootIndex":3,"SubPath":"3n40xzm39g-b6i3dqnxrz.gz"},"Patterns":null},"jquery-jvectormap-ca-lcc-en.js.gz":{"Children":null,"Asset":{"ContentRootIndex":3,"SubPath":"a2sytsi5xw-fdjedfy0sa.gz"},"Patterns":null},"jquery-jvectormap-in-mill-en.js.gz":{"Children":null,"Asset":{"ContentRootIndex":3,"SubPath":"pbnh5ze25b-v5yzscuk91.gz"},"Patterns":null},"jquery-jvectormap-uk-mill-en.js.gz":{"Children":null,"Asset":{"ContentRootIndex":3,"SubPath":"hbfkmk3gdd-lzze1769r8.gz"},"Patterns":null},"jquery-jvectormap-us-il-chicago-mill-en.js.gz":{"Children":null,"Asset":{"ContentRootIndex":3,"SubPath":"z17sf4lega-qh9dao6fa3.gz"},"Patterns":null},"jquery-jvectormap-us-merc-en.js.gz":{"Children":null,"Asset":{"ContentRootIndex":3,"SubPath":"6gkfdnkd58-fmpe7ctlig.gz"},"Patterns":null},"jquery-jvectormap-world-mill-en.js.gz":{"Children":null,"Asset":{"ContentRootIndex":3,"SubPath":"chmcddoad4-5uw11xbse3.gz"},"Patterns":null}},"Asset":null,"Patterns":null},"js":{"Children":{"app.min.js":{"Children":null,"Asset":{"ContentRootIndex":1,"SubPath":"Content/backend/js/app.min.js"},"Patterns":null},"pages":{"Children":{"dashboard-1.init.js":{"Children":null,"Asset":{"ContentRootIndex":1,"SubPath":"Content/backend/js/pages/dashboard-1.init.js"},"Patterns":null},"lightbox.init.js":{"Children":null,"Asset":{"ContentRootIndex":1,"SubPath":"Content/backend/js/pages/lightbox.init.js"},"Patterns":null},"dashboard-1.init.js.gz":{"Children":null,"Asset":{"ContentRootIndex":3,"SubPath":"0lfcav0ge9-zctsx139m3.gz"},"Patterns":null},"lightbox.init.js.gz":{"Children":null,"Asset":{"ContentRootIndex":3,"SubPath":"4kheoukd7r-alrjhrv0rf.gz"},"Patterns":null}},"Asset":null,"Patterns":null},"vendor.min.js":{"Children":null,"Asset":{"ContentRootIndex":1,"SubPath":"Content/backend/js/vendor.min.js"},"Patterns":null},"app.min.js.gz":{"Children":null,"Asset":{"ContentRootIndex":3,"SubPath":"u9653wme78-i83ptb8to9.gz"},"Patterns":null},"vendor.min.js.gz":{"Children":null,"Asset":{"ContentRootIndex":3,"SubPath":"qferzhwn1x-le1i42va2b.gz"},"Patterns":null}},"Asset":null,"Patterns":null},"libs":{"Children":{"apexcharts":{"Children":{"apexcharts.min.js":{"Children":null,"Asset":{"ContentRootIndex":1,"SubPath":"Content/backend/libs/apexcharts/apexcharts.min.js"},"Patterns":null},"apexcharts.min.js.gz":{"Children":null,"Asset":{"ContentRootIndex":3,"SubPath":"44ai4o6e9g-srz9hfoos4.gz"},"Patterns":null}},"Asset":null,"Patterns":null},"jquery-vectormap":{"Children":{"jquery-jvectormap-1.2.2.css":{"Children":null,"Asset":{"ContentRootIndex":1,"SubPath":"Content/backend/libs/jquery-vectormap/jquery-jvectormap-1.2.2.css"},"Patterns":null},"jquery-jvectormap-1.2.2.min.js":{"Children":null,"Asset":{"ContentRootIndex":1,"SubPath":"Content/backend/libs/jquery-vectormap/jquery-jvectormap-1.2.2.min.js"},"Patterns":null},"jquery-jvectormap-au-mill-en.js":{"Children":null,"Asset":{"ContentRootIndex":1,"SubPath":"Content/backend/libs/jquery-vectormap/jquery-jvectormap-au-mill-en.js"},"Patterns":null},"jquery-jvectormap-ca-lcc-en.js":{"Children":null,"Asset":{"ContentRootIndex":1,"SubPath":"Content/backend/libs/jquery-vectormap/jquery-jvectormap-ca-lcc-en.js"},"Patterns":null},"jquery-jvectormap-in-mill-en.js":{"Children":null,"Asset":{"ContentRootIndex":1,"SubPath":"Content/backend/libs/jquery-vectormap/jquery-jvectormap-in-mill-en.js"},"Patterns":null},"jquery-jvectormap-uk-mill-en.js":{"Children":null,"Asset":{"ContentRootIndex":1,"SubPath":"Content/backend/libs/jquery-vectormap/jquery-jvectormap-uk-mill-en.js"},"Patterns":null},"jquery-jvectormap-us-il-chicago-mill-en.js":{"Children":null,"Asset":{"ContentRootIndex":1,"SubPath":"Content/backend/libs/jquery-vectormap/jquery-jvectormap-us-il-chicago-mill-en.js"},"Patterns":null},"jquery-jvectormap-us-merc-en.js":{"Children":null,"Asset":{"ContentRootIndex":1,"SubPath":"Content/backend/libs/jquery-vectormap/jquery-jvectormap-us-merc-en.js"},"Patterns":null},"jquery-jvectormap-world-mill-en.js":{"Children":null,"Asset":{"ContentRootIndex":1,"SubPath":"Content/backend/libs/jquery-vectormap/jquery-jvectormap-world-mill-en.js"},"Patterns":null},"jquery-jvectormap-1.2.2.css.gz":{"Children":null,"Asset":{"ContentRootIndex":3,"SubPath":"wrnjf23hdy-vxr3kud8te.gz"},"Patterns":null},"jquery-jvectormap-1.2.2.min.js.gz":{"Children":null,"Asset":{"ContentRootIndex":3,"SubPath":"20bc4l80v8-9qfmw2t5bj.gz"},"Patterns":null},"jquery-jvectormap-au-mill-en.js.gz":{"Children":null,"Asset":{"ContentRootIndex":3,"SubPath":"m1i9j8n1rh-b6i3dqnxrz.gz"},"Patterns":null},"jquery-jvectormap-ca-lcc-en.js.gz":{"Children":null,"Asset":{"ContentRootIndex":3,"SubPath":"6kckflasnw-fdjedfy0sa.gz"},"Patterns":null},"jquery-jvectormap-in-mill-en.js.gz":{"Children":null,"Asset":{"ContentRootIndex":3,"SubPath":"ugel6ki6ce-v5yzscuk91.gz"},"Patterns":null},"jquery-jvectormap-uk-mill-en.js.gz":{"Children":null,"Asset":{"ContentRootIndex":3,"SubPath":"3bxt4ynba8-lzze1769r8.gz"},"Patterns":null},"jquery-jvectormap-us-il-chicago-mill-en.js.gz":{"Children":null,"Asset":{"ContentRootIndex":3,"SubPath":"6sirsmvt1u-qh9dao6fa3.gz"},"Patterns":null},"jquery-jvectormap-us-merc-en.js.gz":{"Children":null,"Asset":{"ContentRootIndex":3,"SubPath":"d20l5fmnlp-fmpe7ctlig.gz"},"Patterns":null},"jquery-jvectormap-world-mill-en.js.gz":{"Children":null,"Asset":{"ContentRootIndex":3,"SubPath":"18xpxqu76g-5uw11xbse3.gz"},"Patterns":null}},"Asset":null,"Patterns":null},"magnific-popup":{"Children":{"jquery.magnific-popup.min.js":{"Children":null,"Asset":{"ContentRootIndex":1,"SubPath":"Content/backend/libs/magnific-popup/jquery.magnific-popup.min.js"},"Patterns":null},"magnific-popup.css":{"Children":null,"Asset":{"ContentRootIndex":1,"SubPath":"Content/backend/libs/magnific-popup/magnific-popup.css"},"Patterns":null},"jquery.magnific-popup.min.js.gz":{"Children":null,"Asset":{"ContentRootIndex":3,"SubPath":"54w14n8wtj-9ugm0d1n88.gz"},"Patterns":null},"magnific-popup.css.gz":{"Children":null,"Asset":{"ContentRootIndex":3,"SubPath":"uadc39g0jw-b8d3l99d5i.gz"},"Patterns":null}},"Asset":null,"Patterns":null},"peity":{"Children":{"jquery.peity.min.js":{"Children":null,"Asset":{"ContentRootIndex":1,"SubPath":"Content/backend/libs/peity/jquery.peity.min.js"},"Patterns":null},"jquery.peity.min.js.gz":{"Children":null,"Asset":{"ContentRootIndex":3,"SubPath":"a42kf3rb94-p0e40hx436.gz"},"Patterns":null}},"Asset":null,"Patterns":null}},"Asset":null,"Patterns":null}},"Asset":null,"Patterns":null}},"Asset":null,"Patterns":null},"css":{"Children":{"site.css":{"Children":null,"Asset":{"ContentRootIndex":1,"SubPath":"css/site.css"},"Patterns":null},"style.css":{"Children":null,"Asset":{"ContentRootIndex":1,"SubPath":"css/style.css"},"Patterns":null},"site.css.gz":{"Children":null,"Asset":{"ContentRootIndex":3,"SubPath":"694foulyey-b9sayid5wm.gz"},"Patterns":null},"style.css.gz":{"Children":null,"Asset":{"ContentRootIndex":3,"SubPath":"2ss3297gra-ifnqo64l8k.gz"},"Patterns":null}},"Asset":null,"Patterns":null},"favicon.ico":{"Children":null,"Asset":{"ContentRootIndex":1,"SubPath":"favicon.ico"},"Patterns":null},"images":{"Children":{"banner-in-an.jpg":{"Children":null,"Asset":{"ContentRootIndex":1,"SubPath":"images/banner-in-an.jpg"},"Patterns":null},"banner.jpg":{"Children":null,"Asset":{"ContentRootIndex":1,"SubPath":"images/banner.jpg"},"Patterns":null}},"Asset":null,"Patterns":null},"js":{"Children":{"site.js":{"Children":null,"Asset":{"ContentRootIndex":1,"SubPath":"js/site.js"},"Patterns":null},"site.js.gz":{"Children":null,"Asset":{"ContentRootIndex":3,"SubPath":"niaacrc945-xtxxf3hu2r.gz"},"Patterns":null}},"Asset":null,"Patterns":null},"lib":{"Children":{"bootstrap":{"Children":{"dist":{"Children":{"css":{"Children":{"bootstrap-grid.css":{"Children":null,"Asset":{"ContentRootIndex":1,"SubPath":"lib/bootstrap/dist/css/bootstrap-grid.css"},"Patterns":null},"bootstrap-grid.css.map":{"Children":null,"Asset":{"ContentRootIndex":1,"SubPath":"lib/bootstrap/dist/css/bootstrap-grid.css.map"},"Patterns":null},"bootstrap-grid.min.css":{"Children":null,"Asset":{"ContentRootIndex":1,"SubPath":"lib/bootstrap/dist/css/bootstrap-grid.min.css"},"Patterns":null},"bootstrap-grid.min.css.map":{"Children":null,"Asset":{"ContentRootIndex":1,"SubPath":"lib/bootstrap/dist/css/bootstrap-grid.min.css.map"},"Patterns":null},"bootstrap-grid.rtl.css":{"Children":null,"Asset":{"ContentRootIndex":1,"SubPath":"lib/bootstrap/dist/css/bootstrap-grid.rtl.css"},"Patterns":null},"bootstrap-grid.rtl.css.map":{"Children":null,"Asset":{"ContentRootIndex":1,"SubPath":"lib/bootstrap/dist/css/bootstrap-grid.rtl.css.map"},"Patterns":null},"bootstrap-grid.rtl.min.css":{"Children":null,"Asset":{"ContentRootIndex":1,"SubPath":"lib/bootstrap/dist/css/bootstrap-grid.rtl.min.css"},"Patterns":null},"bootstrap-grid.rtl.min.css.map":{"Children":null,"Asset":{"ContentRootIndex":1,"SubPath":"lib/bootstrap/dist/css/bootstrap-grid.rtl.min.css.map"},"Patterns":null},"bootstrap-reboot.css":{"Children":null,"Asset":{"ContentRootIndex":1,"SubPath":"lib/bootstrap/dist/css/bootstrap-reboot.css"},"Patterns":null},"bootstrap-reboot.css.map":{"Children":null,"Asset":{"ContentRootIndex":1,"SubPath":"lib/bootstrap/dist/css/bootstrap-reboot.css.map"},"Patterns":null},"bootstrap-reboot.min.css":{"Children":null,"Asset":{"ContentRootIndex":1,"SubPath":"lib/bootstrap/dist/css/bootstrap-reboot.min.css"},"Patterns":null},"bootstrap-reboot.min.css.map":{"Children":null,"Asset":{"ContentRootIndex":1,"SubPath":"lib/bootstrap/dist/css/bootstrap-reboot.min.css.map"},"Patterns":null},"bootstrap-reboot.rtl.css":{"Children":null,"Asset":{"ContentRootIndex":1,"SubPath":"lib/bootstrap/dist/css/bootstrap-reboot.rtl.css"},"Patterns":null},"bootstrap-reboot.rtl.css.map":{"Children":null,"Asset":{"ContentRootIndex":1,"SubPath":"lib/bootstrap/dist/css/bootstrap-reboot.rtl.css.map"},"Patterns":null},"bootstrap-reboot.rtl.min.css":{"Children":null,"Asset":{"ContentRootIndex":1,"SubPath":"lib/bootstrap/dist/css/bootstrap-reboot.rtl.min.css"},"Patterns":null},"bootstrap-reboot.rtl.min.css.map":{"Children":null,"Asset":{"ContentRootIndex":1,"SubPath":"lib/bootstrap/dist/css/bootstrap-reboot.rtl.min.css.map"},"Patterns":null},"bootstrap-theme.css":{"Children":null,"Asset":{"ContentRootIndex":1,"SubPath":"lib/bootstrap/dist/css/bootstrap-theme.css"},"Patterns":null},"bootstrap-theme.css.map":{"Children":null,"Asset":{"ContentRootIndex":1,"SubPath":"lib/bootstrap/dist/css/bootstrap-theme.css.map"},"Patterns":null},"bootstrap-theme.min.css":{"Children":null,"Asset":{"ContentRootIndex":1,"SubPath":"lib/bootstrap/dist/css/bootstrap-theme.min.css"},"Patterns":null},"bootstrap-theme.min.css.map":{"Children":null,"Asset":{"ContentRootIndex":1,"SubPath":"lib/bootstrap/dist/css/bootstrap-theme.min.css.map"},"Patterns":null},"bootstrap-utilities.css":{"Children":null,"Asset":{"ContentRootIndex":1,"SubPath":"lib/bootstrap/dist/css/bootstrap-utilities.css"},"Patterns":null},"bootstrap-utilities.css.map":{"Children":null,"Asset":{"ContentRootIndex":1,"SubPath":"lib/bootstrap/dist/css/bootstrap-utilities.css.map"},"Patterns":null},"bootstrap-utilities.min.css":{"Children":null,"Asset":{"ContentRootIndex":1,"SubPath":"lib/bootstrap/dist/css/bootstrap-utilities.min.css"},"Patterns":null},"bootstrap-utilities.min.css.map":{"Children":null,"Asset":{"ContentRootIndex":1,"SubPath":"lib/bootstrap/dist/css/bootstrap-utilities.min.css.map"},"Patterns":null},"bootstrap-utilities.rtl.css":{"Children":null,"Asset":{"ContentRootIndex":1,"SubPath":"lib/bootstrap/dist/css/bootstrap-utilities.rtl.css"},"Patterns":null},"bootstrap-utilities.rtl.css.map":{"Children":null,"Asset":{"ContentRootIndex":1,"SubPath":"lib/bootstrap/dist/css/bootstrap-utilities.rtl.css.map"},"Patterns":null},"bootstrap-utilities.rtl.min.css":{"Children":null,"Asset":{"ContentRootIndex":1,"SubPath":"lib/bootstrap/dist/css/bootstrap-utilities.rtl.min.css"},"Patterns":null},"bootstrap-utilities.rtl.min.css.map":{"Children":null,"Asset":{"ContentRootIndex":1,"SubPath":"lib/bootstrap/dist/css/bootstrap-utilities.rtl.min.css.map"},"Patterns":null},"bootstrap.css":{"Children":null,"Asset":{"ContentRootIndex":1,"SubPath":"lib/bootstrap/dist/css/bootstrap.css"},"Patterns":null},"bootstrap.css.map":{"Children":null,"Asset":{"ContentRootIndex":1,"SubPath":"lib/bootstrap/dist/css/bootstrap.css.map"},"Patterns":null},"bootstrap.min.css":{"Children":null,"Asset":{"ContentRootIndex":1,"SubPath":"lib/bootstrap/dist/css/bootstrap.min.css"},"Patterns":null},"bootstrap.min.css.map":{"Children":null,"Asset":{"ContentRootIndex":1,"SubPath":"lib/bootstrap/dist/css/bootstrap.min.css.map"},"Patterns":null},"bootstrap.rtl.css":{"Children":null,"Asset":{"ContentRootIndex":1,"SubPath":"lib/bootstrap/dist/css/bootstrap.rtl.css"},"Patterns":null},"bootstrap.rtl.css.map":{"Children":null,"Asset":{"ContentRootIndex":1,"SubPath":"lib/bootstrap/dist/css/bootstrap.rtl.css.map"},"Patterns":null},"bootstrap.rtl.min.css":{"Children":null,"Asset":{"ContentRootIndex":1,"SubPath":"lib/bootstrap/dist/css/bootstrap.rtl.min.css"},"Patterns":null},"bootstrap.rtl.min.css.map":{"Children":null,"Asset":{"ContentRootIndex":1,"SubPath":"lib/bootstrap/dist/css/bootstrap.rtl.min.css.map"},"Patterns":null},"bootstrap-grid.css.gz":{"Children":null,"Asset":{"ContentRootIndex":3,"SubPath":"86fk6qsoyz-bqjiyaj88i.gz"},"Patterns":null},"bootstrap-grid.css.map.gz":{"Children":null,"Asset":{"ContentRootIndex":3,"SubPath":"fp62clq0vr-c2jlpeoesf.gz"},"Patterns":null},"bootstrap-grid.min.css.gz":{"Children":null,"Asset":{"ContentRootIndex":3,"SubPath":"mx96qhvmr0-erw9l3u2r3.gz"},"Patterns":null},"bootstrap-grid.min.css.map.gz":{"Children":null,"Asset":{"ContentRootIndex":3,"SubPath":"bjlbxjhxnx-aexeepp0ev.gz"},"Patterns":null},"bootstrap-grid.rtl.css.gz":{"Children":null,"Asset":{"ContentRootIndex":3,"SubPath":"d8wyqf574r-d7shbmvgxk.gz"},"Patterns":null},"bootstrap-grid.rtl.css.map.gz":{"Children":null,"Asset":{"ContentRootIndex":3,"SubPath":"8tgaghvakp-ausgxo2sd3.gz"},"Patterns":null},"bootstrap-grid.rtl.min.css.gz":{"Children":null,"Asset":{"ContentRootIndex":3,"SubPath":"6ehufto756-k8d9w2qqmf.gz"},"Patterns":null},"bootstrap-grid.rtl.min.css.map.gz":{"Children":null,"Asset":{"ContentRootIndex":3,"SubPath":"0c0bqeka23-cosvhxvwiu.gz"},"Patterns":null},"bootstrap-reboot.css.gz":{"Children":null,"Asset":{"ContentRootIndex":3,"SubPath":"wb4pibsjyk-ub07r2b239.gz"},"Patterns":null},"bootstrap-reboot.css.map.gz":{"Children":null,"Asset":{"ContentRootIndex":3,"SubPath":"9psy5pglb9-fvhpjtyr6v.gz"},"Patterns":null},"bootstrap-reboot.min.css.gz":{"Children":null,"Asset":{"ContentRootIndex":3,"SubPath":"ba9i3buoiz-b7pk76d08c.gz"},"Patterns":null},"bootstrap-reboot.min.css.map.gz":{"Children":null,"Asset":{"ContentRootIndex":3,"SubPath":"go3zwrfqg7-fsbi9cje9m.gz"},"Patterns":null},"bootstrap-reboot.rtl.css.gz":{"Children":null,"Asset":{"ContentRootIndex":3,"SubPath":"g3rda4ficz-rzd6atqjts.gz"},"Patterns":null},"bootstrap-reboot.rtl.css.map.gz":{"Children":null,"Asset":{"ContentRootIndex":3,"SubPath":"fv7gofscpy-ee0r1s7dh0.gz"},"Patterns":null},"bootstrap-reboot.rtl.min.css.gz":{"Children":null,"Asset":{"ContentRootIndex":3,"SubPath":"6b9z9nbvzs-dxx9fxp4il.gz"},"Patterns":null},"bootstrap-reboot.rtl.min.css.map.gz":{"Children":null,"Asset":{"ContentRootIndex":3,"SubPath":"tk1icliekb-jd9uben2k1.gz"},"Patterns":null},"bootstrap-theme.css.gz":{"Children":null,"Asset":{"ContentRootIndex":3,"SubPath":"06hhrmai2w-z4giugmkw0.gz"},"Patterns":null},"bootstrap-theme.css.map.gz":{"Children":null,"Asset":{"ContentRootIndex":3,"SubPath":"akzisy2ehx-5wl60yermk.gz"},"Patterns":null},"bootstrap-theme.min.css.gz":{"Children":null,"Asset":{"ContentRootIndex":3,"SubPath":"2bbew6pj3e-hncdx5t4mz.gz"},"Patterns":null},"bootstrap-theme.min.css.map.gz":{"Children":null,"Asset":{"ContentRootIndex":3,"SubPath":"t9ejjgkh0t-kfyfhdxh97.gz"},"Patterns":null},"bootstrap-utilities.css.gz":{"Children":null,"Asset":{"ContentRootIndex":3,"SubPath":"vfrkcf1iox-khv3u5hwcm.gz"},"Patterns":null},"bootstrap-utilities.css.map.gz":{"Children":null,"Asset":{"ContentRootIndex":3,"SubPath":"r8q8vx90vo-r4e9w2rdcm.gz"},"Patterns":null},"bootstrap-utilities.min.css.gz":{"Children":null,"Asset":{"ContentRootIndex":3,"SubPath":"ybs9yxaw8b-lcd1t2u6c8.gz"},"Patterns":null},"bootstrap-utilities.min.css.map.gz":{"Children":null,"Asset":{"ContentRootIndex":3,"SubPath":"w4v19susot-c2oey78nd0.gz"},"Patterns":null},"bootstrap-utilities.rtl.css.gz":{"Children":null,"Asset":{"ContentRootIndex":3,"SubPath":"t68fmx0aa0-tdbxkamptv.gz"},"Patterns":null},"bootstrap-utilities.rtl.css.map.gz":{"Children":null,"Asset":{"ContentRootIndex":3,"SubPath":"ostmb1gtrq-j5mq2jizvt.gz"},"Patterns":null},"bootstrap-utilities.rtl.min.css.gz":{"Children":null,"Asset":{"ContentRootIndex":3,"SubPath":"n2nnng6eys-06098lyss8.gz"},"Patterns":null},"bootstrap-utilities.rtl.min.css.map.gz":{"Children":null,"Asset":{"ContentRootIndex":3,"SubPath":"ri5b2ftlzu-nvvlpmu67g.gz"},"Patterns":null},"bootstrap.css.gz":{"Children":null,"Asset":{"ContentRootIndex":3,"SubPath":"frnkvdj97s-s35ty4nyc5.gz"},"Patterns":null},"bootstrap.css.map.gz":{"Children":null,"Asset":{"ContentRootIndex":3,"SubPath":"qtq8700kk1-pj5nd1wqec.gz"},"Patterns":null},"bootstrap.min.css.gz":{"Children":null,"Asset":{"ContentRootIndex":3,"SubPath":"0t6tth6ne1-46ein0sx1k.gz"},"Patterns":null},"bootstrap.min.css.map.gz":{"Children":null,"Asset":{"ContentRootIndex":3,"SubPath":"l2zlr9z8mi-v0zj4ognzu.gz"},"Patterns":null},"bootstrap.rtl.css.gz":{"Children":null,"Asset":{"ContentRootIndex":3,"SubPath":"kr8exef6zd-37tfw0ft22.gz"},"Patterns":null},"bootstrap.rtl.css.map.gz":{"Children":null,"Asset":{"ContentRootIndex":3,"SubPath":"ili27uu0w0-hrwsygsryq.gz"},"Patterns":null},"bootstrap.rtl.min.css.gz":{"Children":null,"Asset":{"ContentRootIndex":3,"SubPath":"meqylna3ax-pk9g2wxc8p.gz"},"Patterns":null},"bootstrap.rtl.min.css.map.gz":{"Children":null,"Asset":{"ContentRootIndex":3,"SubPath":"zrv7hka4tl-ft3s53vfgj.gz"},"Patterns":null}},"Asset":null,"Patterns":null},"js":{"Children":{"bootstrap.bundle.js":{"Children":null,"Asset":{"ContentRootIndex":1,"SubPath":"lib/bootstrap/dist/js/bootstrap.bundle.js"},"Patterns":null},"bootstrap.bundle.js.map":{"Children":null,"Asset":{"ContentRootIndex":1,"SubPath":"lib/bootstrap/dist/js/bootstrap.bundle.js.map"},"Patterns":null},"bootstrap.bundle.min.js":{"Children":null,"Asset":{"ContentRootIndex":1,"SubPath":"lib/bootstrap/dist/js/bootstrap.bundle.min.js"},"Patterns":null},"bootstrap.bundle.min.js.map":{"Children":null,"Asset":{"ContentRootIndex":1,"SubPath":"lib/bootstrap/dist/js/bootstrap.bundle.min.js.map"},"Patterns":null},"bootstrap.esm.js":{"Children":null,"Asset":{"ContentRootIndex":1,"SubPath":"lib/bootstrap/dist/js/bootstrap.esm.js"},"Patterns":null},"bootstrap.esm.js.map":{"Children":null,"Asset":{"ContentRootIndex":1,"SubPath":"lib/bootstrap/dist/js/bootstrap.esm.js.map"},"Patterns":null},"bootstrap.esm.min.js":{"Children":null,"Asset":{"ContentRootIndex":1,"SubPath":"lib/bootstrap/dist/js/bootstrap.esm.min.js"},"Patterns":null},"bootstrap.esm.min.js.map":{"Children":null,"Asset":{"ContentRootIndex":1,"SubPath":"lib/bootstrap/dist/js/bootstrap.esm.min.js.map"},"Patterns":null},"bootstrap.js":{"Children":null,"Asset":{"ContentRootIndex":1,"SubPath":"lib/bootstrap/dist/js/bootstrap.js"},"Patterns":null},"bootstrap.js.map":{"Children":null,"Asset":{"ContentRootIndex":1,"SubPath":"lib/bootstrap/dist/js/bootstrap.js.map"},"Patterns":null},"bootstrap.min.js":{"Children":null,"Asset":{"ContentRootIndex":1,"SubPath":"lib/bootstrap/dist/js/bootstrap.min.js"},"Patterns":null},"bootstrap.min.js.map":{"Children":null,"Asset":{"ContentRootIndex":1,"SubPath":"lib/bootstrap/dist/js/bootstrap.min.js.map"},"Patterns":null},"bootstrap.bundle.js.gz":{"Children":null,"Asset":{"ContentRootIndex":3,"SubPath":"3u53dcw0ym-6cfz1n2cew.gz"},"Patterns":null},"bootstrap.bundle.js.map.gz":{"Children":null,"Asset":{"ContentRootIndex":3,"SubPath":"sz20gh314b-6pdc2jztkx.gz"},"Patterns":null},"bootstrap.bundle.min.js.gz":{"Children":null,"Asset":{"ContentRootIndex":3,"SubPath":"dumnx0f8k9-493y06b0oq.gz"},"Patterns":null},"bootstrap.bundle.min.js.map.gz":{"Children":null,"Asset":{"ContentRootIndex":3,"SubPath":"ls8cnf2we5-iovd86k7lj.gz"},"Patterns":null},"bootstrap.esm.js.gz":{"Children":null,"Asset":{"ContentRootIndex":3,"SubPath":"l9z6ddczgi-vr1egmr9el.gz"},"Patterns":null},"bootstrap.esm.js.map.gz":{"Children":null,"Asset":{"ContentRootIndex":3,"SubPath":"ax9ux7zjho-kbrnm935zg.gz"},"Patterns":null},"bootstrap.esm.min.js.gz":{"Children":null,"Asset":{"ContentRootIndex":3,"SubPath":"s54c3lp274-jj8uyg4cgr.gz"},"Patterns":null},"bootstrap.esm.min.js.map.gz":{"Children":null,"Asset":{"ContentRootIndex":3,"SubPath":"agowm4u4b7-y7v9cxd14o.gz"},"Patterns":null},"bootstrap.js.gz":{"Children":null,"Asset":{"ContentRootIndex":3,"SubPath":"clf14yg7k4-notf2xhcfb.gz"},"Patterns":null},"bootstrap.js.map.gz":{"Children":null,"Asset":{"ContentRootIndex":3,"SubPath":"sqy2cgya93-h1s4sie4z3.gz"},"Patterns":null},"bootstrap.min.js.gz":{"Children":null,"Asset":{"ContentRootIndex":3,"SubPath":"6zeqk8tm7q-63fj8s7r0e.gz"},"Patterns":null},"bootstrap.min.js.map.gz":{"Children":null,"Asset":{"ContentRootIndex":3,"SubPath":"bb7n27bvap-0j3bgjxly4.gz"},"Patterns":null}},"Asset":null,"Patterns":null}},"Asset":null,"Patterns":null},"LICENSE":{"Children":null,"Asset":{"ContentRootIndex":1,"SubPath":"lib/bootstrap/LICENSE"},"Patterns":null}},"Asset":null,"Patterns":null},"jquery-validation-unobtrusive":{"Children":{"dist":{"Children":{"jquery.validate.unobtrusive.js":{"Children":null,"Asset":{"ContentRootIndex":1,"SubPath":"lib/jquery-validation-unobtrusive/dist/jquery.validate.unobtrusive.js"},"Patterns":null},"jquery.validate.unobtrusive.min.js":{"Children":null,"Asset":{"ContentRootIndex":1,"SubPath":"lib/jquery-validation-unobtrusive/dist/jquery.validate.unobtrusive.min.js"},"Patterns":null},"jquery.validate.unobtrusive.js.gz":{"Children":null,"Asset":{"ContentRootIndex":3,"SubPath":"etq0nqorgu-47otxtyo56.gz"},"Patterns":null},"jquery.validate.unobtrusive.min.js.gz":{"Children":null,"Asset":{"ContentRootIndex":3,"SubPath":"4ltsflyplg-4v8eqarkd7.gz"},"Patterns":null}},"Asset":null,"Patterns":null},"jquery.validate.unobtrusive.js":{"Children":null,"Asset":{"ContentRootIndex":1,"SubPath":"lib/jquery-validation-unobtrusive/jquery.validate.unobtrusive.js"},"Patterns":null},"jquery.validate.unobtrusive.min.js":{"Children":null,"Asset":{"ContentRootIndex":1,"SubPath":"lib/jquery-validation-unobtrusive/jquery.validate.unobtrusive.min.js"},"Patterns":null},"LICENSE.txt":{"Children":null,"Asset":{"ContentRootIndex":1,"SubPath":"lib/jquery-validation-unobtrusive/LICENSE.txt"},"Patterns":null},"jquery.validate.unobtrusive.js.gz":{"Children":null,"Asset":{"ContentRootIndex":3,"SubPath":"1t501p3yq5-0z1um1b29w.gz"},"Patterns":null},"jquery.validate.unobtrusive.min.js.gz":{"Children":null,"Asset":{"ContentRootIndex":3,"SubPath":"85cfzztxui-aoyfsirkoh.gz"},"Patterns":null},"LICENSE.txt.gz":{"Children":null,"Asset":{"ContentRootIndex":3,"SubPath":"bqj8qrdvgf-356vix0kms.gz"},"Patterns":null}},"Asset":null,"Patterns":null},"jquery-validation":{"Children":{"dist":{"Children":{"additional-methods.js":{"Children":null,"Asset":{"ContentRootIndex":1,"SubPath":"lib/jquery-validation/dist/additional-methods.js"},"Patterns":null},"additional-methods.min.js":{"Children":null,"Asset":{"ContentRootIndex":1,"SubPath":"lib/jquery-validation/dist/additional-methods.min.js"},"Patterns":null},"jquery.validate.js":{"Children":null,"Asset":{"ContentRootIndex":1,"SubPath":"lib/jquery-validation/dist/jquery.validate.js"},"Patterns":null},"jquery.validate.min.js":{"Children":null,"Asset":{"ContentRootIndex":1,"SubPath":"lib/jquery-validation/dist/jquery.validate.min.js"},"Patterns":null},"additional-methods.js.gz":{"Children":null,"Asset":{"ContentRootIndex":3,"SubPath":"735hwonawa-83jwlth58m.gz"},"Patterns":null},"additional-methods.min.js.gz":{"Children":null,"Asset":{"ContentRootIndex":3,"SubPath":"trlbf6u7lg-mrlpezrjn3.gz"},"Patterns":null},"jquery.validate.js.gz":{"Children":null,"Asset":{"ContentRootIndex":3,"SubPath":"fkyvo56gmd-lzl9nlhx6b.gz"},"Patterns":null},"jquery.validate.min.js.gz":{"Children":null,"Asset":{"ContentRootIndex":3,"SubPath":"v30n51nboa-ag7o75518u.gz"},"Patterns":null}},"Asset":null,"Patterns":null},"LICENSE.md":{"Children":null,"Asset":{"ContentRootIndex":1,"SubPath":"lib/jquery-validation/LICENSE.md"},"Patterns":null},"LICENSE.md.gz":{"Children":null,"Asset":{"ContentRootIndex":3,"SubPath":"qmaq5xz568-x0q3zqp4vz.gz"},"Patterns":null}},"Asset":null,"Patterns":null},"jquery":{"Children":{"dist":{"Children":{"jquery.js":{"Children":null,"Asset":{"ContentRootIndex":1,"SubPath":"lib/jquery/dist/jquery.js"},"Patterns":null},"jquery.min.js":{"Children":null,"Asset":{"ContentRootIndex":1,"SubPath":"lib/jquery/dist/jquery.min.js"},"Patterns":null},"jquery.min.map":{"Children":null,"Asset":{"ContentRootIndex":1,"SubPath":"lib/jquery/dist/jquery.min.map"},"Patterns":null},"jquery.slim.js":{"Children":null,"Asset":{"ContentRootIndex":1,"SubPath":"lib/jquery/dist/jquery.slim.js"},"Patterns":null},"jquery.slim.min.js":{"Children":null,"Asset":{"ContentRootIndex":1,"SubPath":"lib/jquery/dist/jquery.slim.min.js"},"Patterns":null},"jquery.slim.min.map":{"Children":null,"Asset":{"ContentRootIndex":1,"SubPath":"lib/jquery/dist/jquery.slim.min.map"},"Patterns":null},"jquery.js.gz":{"Children":null,"Asset":{"ContentRootIndex":3,"SubPath":"332k4g4cot-0i3buxo5is.gz"},"Patterns":null},"jquery.min.js.gz":{"Children":null,"Asset":{"ContentRootIndex":3,"SubPath":"z0m9aw49cz-o1o13a6vjx.gz"},"Patterns":null},"jquery.min.map.gz":{"Children":null,"Asset":{"ContentRootIndex":3,"SubPath":"l2u59efrxo-ttgo8qnofa.gz"},"Patterns":null},"jquery.slim.js.gz":{"Children":null,"Asset":{"ContentRootIndex":3,"SubPath":"387jwgopge-2z0ns9nrw6.gz"},"Patterns":null},"jquery.slim.min.js.gz":{"Children":null,"Asset":{"ContentRootIndex":3,"SubPath":"zkldpj7asp-muycvpuwrr.gz"},"Patterns":null},"jquery.slim.min.map.gz":{"Children":null,"Asset":{"ContentRootIndex":3,"SubPath":"928dh1uqxw-87fc7y1x7t.gz"},"Patterns":null}},"Asset":null,"Patterns":null},"LICENSE.txt":{"Children":null,"Asset":{"ContentRootIndex":1,"SubPath":"lib/jquery/LICENSE.txt"},"Patterns":null},"LICENSE.txt.gz":{"Children":null,"Asset":{"ContentRootIndex":3,"SubPath":"3udk9qqh15-mlv21k5csn.gz"},"Patterns":null}},"Asset":null,"Patterns":null}},"Asset":null,"Patterns":null},"Scripts":{"Children":{"CustomScript.js":{"Children":null,"Asset":{"ContentRootIndex":1,"SubPath":"Scripts/CustomScript.js"},"Patterns":null},"custom_signalR.js":{"Children":null,"Asset":{"ContentRootIndex":1,"SubPath":"Scripts/custom_signalR.js"},"Patterns":null},"jquery.signalR-2.4.3.min.js":{"Children":null,"Asset":{"ContentRootIndex":1,"SubPath":"Scripts/jquery.signalR-2.4.3.min.js"},"Patterns":null},"CustomScript.js.gz":{"Children":null,"Asset":{"ContentRootIndex":3,"SubPath":"vq9kzyrsuz-strlm5j3ws.gz"},"Patterns":null},"custom_signalR.js.gz":{"Children":null,"Asset":{"ContentRootIndex":3,"SubPath":"51dfxc6pzw-vp2r0do6df.gz"},"Patterns":null},"jquery.signalR-2.4.3.min.js.gz":{"Children":null,"Asset":{"ContentRootIndex":3,"SubPath":"l1uwvnkm6u-wuzb4jul4q.gz"},"Patterns":null}},"Asset":null,"Patterns":null},"Uploads":{"Children":{"giay_double_a_a31.webp":{"Children":null,"Asset":{"ContentRootIndex":1,"SubPath":"Uploads/giay_double_a_a31.webp"},"Patterns":null},"HL1.jpg":{"Children":null,"Asset":{"ContentRootIndex":1,"SubPath":"Uploads/HL1.jpg"},"Patterns":null},"HL10.jpg":{"Children":null,"Asset":{"ContentRootIndex":1,"SubPath":"Uploads/HL10.jpg"},"Patterns":null},"HL11.jpg":{"Children":null,"Asset":{"ContentRootIndex":1,"SubPath":"Uploads/HL11.jpg"},"Patterns":null},"HL12.jpg":{"Children":null,"Asset":{"ContentRootIndex":1,"SubPath":"Uploads/HL12.jpg"},"Patterns":null},"HL2.jpg":{"Children":null,"Asset":{"ContentRootIndex":1,"SubPath":"Uploads/HL2.jpg"},"Patterns":null},"HL3.jpg":{"Children":null,"Asset":{"ContentRootIndex":1,"SubPath":"Uploads/HL3.jpg"},"Patterns":null},"HL4.jpg":{"Children":null,"Asset":{"ContentRootIndex":1,"SubPath":"Uploads/HL4.jpg"},"Patterns":null},"HL5.jpg":{"Children":null,"Asset":{"ContentRootIndex":1,"SubPath":"Uploads/HL5.jpg"},"Patterns":null},"HL6.jpg":{"Children":null,"Asset":{"ContentRootIndex":1,"SubPath":"Uploads/HL6.jpg"},"Patterns":null},"HL7.jpg":{"Children":null,"Asset":{"ContentRootIndex":1,"SubPath":"Uploads/HL7.jpg"},"Patterns":null},"HL8.jpg":{"Children":null,"Asset":{"ContentRootIndex":1,"SubPath":"Uploads/HL8.jpg"},"Patterns":null},"muc-in.jpg":{"Children":null,"Asset":{"ContentRootIndex":1,"SubPath":"Uploads/muc-in.jpg"},"Patterns":null},"tc-vip-21-768x1024.jpg":{"Children":null,"Asset":{"ContentRootIndex":1,"SubPath":"Uploads/tc-vip-21-768x1024.jpg"},"Patterns":null},"tc-vip-22-768x1024.jpg":{"Children":null,"Asset":{"ContentRootIndex":1,"SubPath":"Uploads/tc-vip-22-768x1024.jpg"},"Patterns":null}},"Asset":null,"Patterns":null},"E-commerce-23TH0024.styles.css":{"Children":null,"Asset":{"ContentRootIndex":2,"SubPath":"E-commerce-23TH0024.styles.css"},"Patterns":null},"favicon.ico.gz":{"Children":null,"Asset":{"ContentRootIndex":3,"SubPath":"8dj72c2fpq-61n19gt1b8.gz"},"Patterns":null},"E-commerce-23TH0024.styles.css.gz":{"Children":null,"Asset":{"ContentRootIndex":3,"SubPath":"2o9bq67pev-2iijhbjn4x.gz"},"Patterns":null}},"Asset":null,"Patterns":[{"ContentRootIndex":1,"Pattern":"**","Depth":0}]}}